emb_0,emb_1,emb_2,emb_3,emb_4,emb_5,emb_6,emb_7,node
1.3600687,2.1272497,-0.27836207,-1.0271897,-0.6859391,2.700153,-0.7542646,2.673497,0
3.796057,0.7713155,3.3698401,4.7398815,-0.3820089,1.9545442,1.7776037,8.2586155,1
-0.4494127,1.0060447,-1.4714996,-0.4022349,1.1211075,0.6956974,-1.4963094,-1.3059487,2
-0.80603194,-1.3431882,-1.5476487,-0.8398164,0.12689194,0.7782741,-2.272825,-1.1991963,3
3.5212438,-1.2665857,3.8171144,3.382083,-0.12803352,2.9682465,2.004976,6.7770405,4
4.055248,-1.0532417,3.9859924,4.499322,0.082855344,3.25169,2.2095165,6.033554,17
1.8749399,-1.081543,3.9747465,2.9710526,-1.525454,2.7532759,1.7250797,6.077404,45
2.301673,3.329338,-0.24978274,3.3574905,1.151919,1.5576094,0.87277806,4.78102,60
4.1310687,0.112580925,3.4797888,5.1223254,0.54409075,2.430571,3.3949246,7.850247,83
4.630821,1.2356086,4.7464995,5.898123,4.699846,-0.32069498,3.7736094,7.9181128,87
0.879961,2.3863335,4.1007633,4.296204,0.054507375,2.5466666,1.548819,5.534524,112
4.630821,1.2356086,4.7464995,5.898123,4.699846,-0.32069498,3.7736094,7.9181128,340
3.9640238,1.3109512,2.227195,4.397353,0.2596928,0.5599806,1.3975121,8.59428,428
4.200789,0.57444745,4.8548703,5.662309,5.714275,0.06820281,5.954113,7.562725,432
-0.6259828,0.66841817,3.5941544,3.6577733,-1.1455691,0.7351641,-0.46379292,5.448859,468
0.7612355,-0.7295953,2.936728,2.8975642,-0.5763639,3.056419,-0.60854876,1.7908304,503
0.5620197,1.9815645,0.7656799,2.484445,1.2805847,1.6160742,0.9591166,2.703697,526
2.8094993,2.9157252,2.212687,3.0749674,-0.8986743,1.4315704,3.2318428,9.185077,562
-0.6152427,-0.324949,-1.4753748,-0.30783904,0.8182856,2.5712302,-2.1264415,-0.7018307,588
0.48318732,0.37311575,2.7254057,1.3404838,-2.3779273,6.017159,1.1736637,6.7544127,627
-1.0963129,1.2977738,-2.188016,0.9842554,1.2865449,0.2277387,0.50738895,2.8159633,668
4.200789,0.57444745,4.8548703,5.662309,5.714275,0.06820281,5.954113,7.562725,690
0.12237156,1.4111042,3.0451653,2.8128822,-1.6781459,3.7572026,0.7311113,2.578305,704
-0.5311563,2.0986807,-1.3501086,-0.2171689,0.3925453,0.43938166,-0.8447807,-0.2703577,711
-0.5261606,1.4237957,-1.3711815,1.0740433,0.08717039,3.3760314,1.244874,2.7439232,719
0.38997903,-0.36566398,4.2092323,3.7464569,-2.5837266,3.4132175,-0.635442,5.5098386,751
0.934463,0.86239874,0.3560689,0.27130988,-0.7819303,3.2124498,-0.40677044,2.0004325,775
0.60364836,2.1878476,1.5047626,3.091121,-1.5359828,-0.010167792,0.41868955,2.5163958,888
-0.17714931,0.36408707,-0.95421344,0.34919,0.4038195,2.2310371,-1.4897133,0.14235878,921
3.7948394,0.33001927,2.3298087,3.784576,1.3900207,0.68844074,3.1558611,8.756835,950
0.44292793,2.9136727,-0.31450146,1.1714624,0.07899642,3.4053988,-0.9399117,0.244497,1036
-0.10166479,0.25850073,-1.2506969,1.6302564,0.9791956,1.4728999,-0.44063532,-0.50914466,1105
-1.7975307,0.24007303,-0.91232187,1.2559314,-0.46187207,1.7191153,-1.3838058,0.24776903,1110
3.8684373,0.14011827,2.1630795,3.4155445,1.087961,0.81799847,3.015051,9.0887375,1137
-0.29682595,0.4505543,1.3566465,0.7930051,0.44933045,1.0881059,0.56746686,1.1413567,1189
-0.19006582,3.2554703,3.7222793,4.94196,0.21504068,-2.1056433,1.5618356,4.1695757,1208
4.630821,1.2356086,4.7464995,5.898123,4.699846,-0.32069498,3.7736094,7.9181128,1258
-2.8711052,0.8204904,1.9239366,3.8772404,-0.6486427,0.9874775,-0.4067851,2.554734,1275
4.630821,1.2356086,4.7464995,5.898123,4.699846,-0.32069498,3.7736094,7.9181128,1295
-0.66771716,0.58507746,-0.9933127,0.024364553,0.9794296,2.4630654,-2.4003036,0.022017367,1321
-1.4306766,1.0378662,2.2254577,5.017254,-0.13034815,-1.4406214,1.1221951,3.5635612,1438
-1.2439581,-0.88170046,0.331697,1.7748296,-0.30115288,-0.25220114,-0.015390381,0.078853495,1452
5.058805,1.4242806,3.2807157,4.961111,2.1863673,-0.041708276,3.412244,8.709597,1484
2.3373423,4.6612196,-1.8744621,1.2773529,1.9389946,2.3202505,1.2397743,-0.648303,1509
-0.6930648,0.84994274,-1.7538832,1.28692,-0.15954788,0.1043133,-1.8436573,-0.5877359,1514
-0.4989317,1.3398695,0.6492381,1.2832426,0.3279377,1.4808025,0.5229964,2.3913095,1533
3.0115912,-0.8072006,3.804809,3.8246295,-1.1212894,1.1868407,4.2928495,6.393455,1616
1.1357371,1.7598994,1.1028541,1.571639,0.57311666,1.1676983,-0.8687736,2.3745067,1621
4.630821,1.2356086,4.7464995,5.898123,4.699846,-0.32069498,3.7736094,7.9181128,1639
-0.41061357,0.16297397,-3.3248746,1.0300149,0.8360519,1.2250547,0.034222186,-2.6015487,1709
-0.70995814,1.4811059,-1.4742519,0.3349573,-0.4548881,2.0413404,-1.190694,-1.0480874,1729
1.1032652,1.243607,0.02565301,2.031895,0.61542845,1.4124376,0.7704418,-0.8231065,1808
-0.82856447,-0.49652633,1.4773071,3.322875,-0.7371366,1.5084147,1.1925482,3.7535522,1819
4.3477154,0.74584574,3.3588629,3.4521437,2.6231968,-0.19824512,5.048066,9.206738,1910
4.6066585,1.1798207,3.1923265,3.7484207,1.7861409,-0.27031636,3.3469627,9.341508,1915
4.200789,0.57444745,4.8548703,5.662309,5.714275,0.06820281,5.954113,7.562725,1931
2.1153119,2.7067976,3.3752813,4.7101994,-0.5801393,0.18786229,1.9699787,6.644505,1955
1.4250447,0.6521062,2.8306026,3.9892802,-0.06839758,2.9915824,4.0367165,3.6207728,1966
4.3562427,0.5721734,2.4452028,5.11306,1.6762471,1.0023985,3.266822,7.9821215,1977
-1.6281943,1.090421,4.126535,4.5986323,-0.097682655,-0.011913165,0.67678297,2.7702975,1988
2.9491432,4.1110787,2.2021894,4.881855,-0.46275282,0.90653056,2.259664,4.8143272,1990
4.3477154,0.74584574,3.3588629,3.4521437,2.6231968,-0.19824512,5.048066,9.206738,2011
-0.08656136,-0.521283,0.820613,3.0422502,0.1032356,1.2791935,0.5682719,-0.34420127,2034
-0.23440872,0.7275103,3.3726668,1.8790282,0.0721882,5.7124486,1.2314671,4.3896856,2038
-1.4083711,1.4036722,1.4379776,1.5910571,-1.11666,2.5736475,-1.718761,-0.48621958,2122
0.49910456,0.19797441,-1.639459,-0.37511566,-0.04308945,2.759927,-1.891389,-1.0035259,2164
3.8756576,1.1358237,2.255459,3.5208664,0.8321288,1.8079002,3.7841213,9.813618,2190
0.6133934,0.08948377,1.9307526,4.478828,-0.18134767,1.0923101,2.9636884,4.239311,2222
1.2971977,3.1587677,0.7959648,4.0282574,1.1689285,0.61171085,3.5683177,8.756548,2229
4.213876,2.0747724,-0.109312706,0.43451446,1.9768143,3.1344593,2.799041,2.9314427,2235
1.5938102,2.0611095,2.8651657,1.5804939,0.5326439,4.019037,2.6464915,5.518833,2263
-0.5305007,0.15265587,3.6531482,3.6457148,0.9997258,-1.2972958,1.6924601,6.8476315,2282
1.0898508,0.29226452,0.2083239,1.6068634,0.2934562,2.0859869,-0.3048954,1.2681801,2433
0.53163135,2.8985693,0.33641252,3.794201,-1.1377295,0.29907233,2.5727005,8.287201,2436
1.4587436,-0.32150295,-0.9154813,0.66681373,0.9056721,3.0711596,-1.59876,-0.99197346,2454
1.044109,-2.9723277,3.4074059,2.12031,-2.2570217,4.7205224,0.9779655,4.4971943,2457
3.914578,1.2140846,2.3422613,4.6289687,0.730197,0.46422368,1.7005608,8.364718,2460
0.21760614,2.9572043,3.95565,5.458174,0.5534776,-4.0385194,2.4864118,5.304057,2469
-0.25081632,0.21793249,-0.2322937,1.5762126,0.8883889,0.7846922,0.3973491,-0.019115113,2565
4.200789,0.57444745,4.8548703,5.662309,5.714275,0.06820281,5.954113,7.562725,2602
-0.29451716,0.68178225,-1.3520932,1.3516859,0.43643066,0.66415024,-0.7533035,1.3146843,2619
-0.3303214,1.0594001,2.2785707,2.4259446,-2.0979664,4.7311683,0.33518812,3.7111175,2640
4.630821,1.2356088,4.7465,5.898123,4.6998463,-0.32069522,3.7736094,7.918113,2687
4.748705,1.660403,2.9737573,4.307331,1.2211362,-0.42125267,2.3718834,9.211646,2743
0.4942987,0.26696035,2.1690297,4.305707,0.13585657,0.9771189,2.9482281,4.0456104,2752
2.1153119,2.7067976,3.3752813,4.7101994,-0.5801393,0.18786229,1.9699787,6.644505,2777
4.200789,0.57444745,4.8548703,5.662309,5.714275,0.06820281,5.954113,7.562725,2926
-1.2622416,1.3871956,0.5993093,1.0657626,0.32384032,3.228715,-0.88170695,2.6217687,3005
2.2461708,-0.65060586,-0.34142452,0.4086045,0.5206388,4.864682,0.87434435,-0.08860258,3060
2.5993075,3.225903,2.66359,1.466228,0.8937061,4.0068555,3.693566,7.359546,3083
-0.63246965,-1.360276,-0.5622233,-1.1324584,-0.0308453,0.8631211,0.23198342,-1.5830016,3137
3.6253572,-0.104803294,2.4724288,3.6878328,2.1339326,0.77589744,4.7625923,8.448033,3173
0.89035773,-1.0868844,1.7098418,1.8558083,-0.16831005,3.329517,0.62029016,-0.061653502,3258
4.3477154,0.74584585,3.3588629,3.4521434,2.6231968,-0.19824527,5.048066,9.2067375,3262
2.3048873,3.4896007,3.6398368,6.869536,1.9710315,-1.158606,2.0821252,4.2586355,3290
2.6388516,2.4696567,-1.8423256,0.81281585,1.1239547,4.7017775,0.33681676,0.5415133,3299
1.5879229,1.9607925,0.17934176,3.4401827,0.61235905,-1.2310017,2.7547739,9.278922,3458
2.775095,-0.87672144,3.9896712,3.53747,-1.2599449,3.40666,0.61741483,6.8884883,3461
0.39705354,-0.6521669,1.6532168,1.0455555,-1.0909793,3.8593178,-0.5063222,1.7794012,3481
0.34123576,0.88144886,-0.07234022,0.903692,-0.1923657,0.9745955,-0.568378,4.448086,3490
4.0360847,2.5478568,4.27668,5.5155883,2.5000672,-1.0481291,2.738836,7.108374,3494
4.200789,0.57444745,4.8548703,5.662309,5.714275,0.06820281,5.954113,7.562725,3618
-2.4089894,1.952957,1.9150729,3.0819807,1.556472,1.8442397,1.5395865,2.058326,3640
2.1172235,0.9210739,3.4886014,4.2614408,-0.67480975,2.1955233,1.9017131,4.8617635,3717
-0.4807847,-0.65162885,0.117309816,0.91146564,-0.4213137,2.2533646,-0.040365487,1.3859935,3743
3.8726497,0.8778283,-0.1583162,0.67440706,1.8462635,3.5294685,1.2089154,-1.0368425,3751
4.200789,0.57444745,4.8548703,5.662309,5.714275,0.06820281,5.954113,7.562725,3752
0.34504876,1.3725694,-1.8087121,0.08009707,0.7817017,1.0302899,-1.4769781,-2.0228415,3785
4.200789,0.57444745,4.8548703,5.662309,5.714275,0.06820281,5.954113,7.562725,3847
-0.4887846,1.132267,1.5102572,1.6122191,-1.4062755,5.017238,-0.3958505,4.550989,3959
0.54914474,0.013062689,2.5859761,3.3822823,-1.259231,3.6203382,2.5445685,5.618407,4011
0.626313,-0.2707626,1.0378428,0.83151686,0.4683255,3.8007023,-0.38649824,2.4956388,4036
-0.16341896,0.62010413,-1.362558,1.3965547,0.8414782,1.2411267,-3.1564646,-1.5512948,4050
-0.45408517,2.6375685,3.8236475,2.8625216,-0.7791179,2.4165688,0.8368015,2.8877044,4157
4.630821,1.2356086,4.7464995,5.898123,4.699846,-0.32069498,3.7736094,7.9181128,4248
4.0360847,2.5478568,4.27668,5.5155883,2.5000672,-1.0481291,2.738836,7.108374,4274
1.1278359,0.12100938,4.7349706,4.286469,-1.5595788,3.643323,0.17814693,5.2538366,4291
5.011615,1.6011988,4.064124,5.3879247,3.1980212,-0.26589137,2.511655,8.580063,4336
-0.8708374,3.0277877,3.1223803,4.7991395,-1.2554057,0.99315304,0.507738,5.0531,4347
-0.24016777,2.5914226,-0.7544893,0.3339759,-0.737784,2.2115488,-1.9147345,-1.2029705,4398
-0.75668967,0.17282343,1.0844761,3.762957,-0.021226168,0.86530775,1.3868759,4.7535434,4406
-2.2408218,-0.16244414,1.2693738,2.439523,-1.0109568,1.2856157,-1.4154161,0.52056706,4431
3.4146187,4.08228,-2.4672744,0.7655547,-0.7926819,2.1060073,0.89330006,2.491418,4433
-1.2178776,2.616184,2.8009272,3.8874557,1.1602739,-2.5327177,1.0516448,5.7473235,4467
5.011615,1.6011988,4.064124,5.3879247,3.1980212,-0.26589137,2.511655,8.580063,4489
0.78073084,-1.3153965,2.8738198,2.6094542,-3.2691944,4.47337,0.31321958,6.359441,4512
-0.81495845,-0.79385686,1.4522884,0.30587712,-0.90110826,1.111554,-1.0953896,2.0405138,4606
-1.2440012,1.7769711,-0.74086565,0.61316013,-0.4324525,0.7211817,-1.6044055,0.65736043,4622
-0.7034232,3.01229,3.7026803,4.0255723,0.33644253,2.1258788,1.9969281,6.4844947,4646
0.88502014,1.6401796,1.2520435,3.0125923,-0.3522279,2.2361226,0.8664627,4.458914,4688
3.657442,0.8173142,2.567463,3.686107,1.8683918,1.7853466,5.4890246,9.212851,4696
-1.2875857,0.4505591,-0.68716985,0.4901492,0.5465628,1.168742,-2.0292108,2.6525867,4903
2.6936853,0.5737925,3.5257025,3.5790114,0.18648672,2.9639606,3.1544387,7.9320173,4923
1.5632384,2.615126,2.8202863,4.6029744,0.5294192,-1.6497906,1.4949751,7.0001574,5031
5.011615,1.6011988,4.064124,5.3879247,3.1980212,-0.26589137,2.511655,8.580063,5053
1.7521112,4.1274004,0.9973751,4.343798,0.22824985,1.317669,2.630757,7.432368,5055
-2.4204526,0.76686037,-0.9905778,1.4750555,0.34490305,1.2844104,-0.7909783,0.9267739,5059
-0.8974906,1.8724737,2.0084596,1.7985542,0.31608415,1.0762337,1.0473583,4.0855803,5188
0.5904652,1.3266995,0.16939098,1.708695,0.8759281,1.296494,0.061281666,-0.6106514,5237
1.5893759,1.5476431,1.9905921,1.4900734,1.6357745,1.2878033,3.2391455,5.398548,5251
0.32633048,-0.19687048,-0.26010522,1.2298506,-0.012259006,1.9581289,0.8691994,2.4205532,5267
3.8702693,2.8666863,3.373096,2.9905915,0.677161,1.9109588,4.8308716,7.4656343,5296
2.7349377,0.46237078,3.4306612,3.9571695,-0.4584415,3.0837765,1.4934818,6.0904284,5313
0.03560578,-0.029576477,0.8948352,2.2808096,0.26505828,1.4816636,0.47053602,-0.3958521,5328
4.394969,1.5331264,2.5416243,5.0820155,1.3209869,2.0226336,4.155385,8.763248,5490
-1.3703252,0.3580765,-0.5975319,0.5324736,-0.6664687,1.260655,-1.6120244,0.8891547,5512
0.8190288,0.87854916,-0.9174378,-1.4435438,0.36170864,3.297672,-2.280717,-0.101286516,5524
4.200789,0.57444745,4.8548703,5.662309,5.714275,0.06820281,5.954113,7.562725,5528
0.83040947,0.76325613,0.626903,0.307388,0.09637278,3.3114743,-0.7513572,0.3352948,5545
-0.64915895,0.89030576,0.1724396,0.53097004,0.009107948,1.5877897,-0.2533868,0.33520868,5582
-1.8807298,-1.0682148,1.0111101,1.2321334,0.77851737,2.5855699,0.17366841,1.3708017,5610
4.748705,1.660403,2.9737573,4.307331,1.2211362,-0.42125267,2.3718834,9.211646,5692
1.0449322,-0.05027124,2.1057584,4.3861346,0.8252328,0.21105205,1.668919,6.3317647,5759
1.519762,2.9779944,3.9316313,5.3489137,0.76487184,-2.0254235,2.5885897,6.138751,5824
0.31326574,1.2131908,0.3693058,0.66797423,0.7957299,1.9667431,-0.620173,-2.5779717,5868
-1.6918544,0.5104618,1.9021573,2.8592157,-0.65546227,3.4866092,-0.22833219,2.830713,5869
0.79579884,1.1313758,-2.3346472,1.0175731,-0.298805,1.1251916,-0.6751338,1.6917129,5935
4.200789,0.57444745,4.8548703,5.662309,5.714275,0.06820281,5.954113,7.562725,6049
4.630821,1.2356086,4.7464995,5.898123,4.699846,-0.32069498,3.7736094,7.9181128,6082
-3.1372337,0.3134416,-0.92079264,3.1156971,-0.39445555,0.65353096,-1.9134241,1.1712984,6140
1.5828813,-0.2110782,1.4998733,0.432853,1.5005271,3.7741468,0.8095976,3.7553182,6144
-0.088786535,-0.2955,-2.1395528,-0.12588614,0.881001,3.6353073,-0.7287741,3.6084821,6179
4.630821,1.2356086,4.7464995,5.898123,4.699846,-0.32069498,3.7736094,7.9181128,6194
-1.4669284,2.3313668,-1.0492784,0.62286747,1.0126652,1.1988994,-1.2641087,1.9436438,6346
4.200789,0.57444745,4.8548703,5.662309,5.714275,0.06820281,5.954113,7.562725,6412
-0.6768258,0.043054197,-1.1033857,-0.5768561,1.4726008,2.5749443,-1.8571023,1.1587714,6516
5.011615,1.6011988,4.064124,5.3879247,3.1980212,-0.26589137,2.511655,8.580063,6565
0.16584955,1.6253836,2.4122276,4.1880164,-1.9097697,2.6820867,1.222452,4.208166,6717
-1.4912735,0.117809966,-2.408852,0.18599963,0.4083034,0.99622124,-1.0359899,-1.7503879,6732
2.4872532,2.0206792,3.0773861,5.4531403,-0.23993027,-0.658119,5.3622813,7.169137,6748
2.9373298,-0.5082154,-0.21418232,0.07291021,0.5485592,3.9115748,-0.23649782,0.124456026,6755
0.2783274,1.7541444,-0.5711642,-0.04773865,1.3173375,2.7589924,-0.8485124,1.014362,6764
-0.7486887,-0.5174499,-1.5490346,-0.23140037,-0.02432245,2.0729387,-2.0167701,1.376387,6806
2.0687766,2.2823942,1.5607487,1.2939159,0.03917402,3.894227,1.2385103,2.9636552,6822
1.1908349,2.9176123,2.876267,3.950391,0.8144622,4.283838,4.079821,6.64562,6874
0.111771144,0.67252135,-0.44816226,-0.3028013,0.20730482,3.3831668,-2.2110825,-0.14893404,6934
-0.73244,0.7209442,-0.644599,0.5808251,-0.10351943,2.5721614,-1.2995201,1.524854,6979
0.22864164,0.97577006,-1.0180538,-0.33613092,0.09541184,2.5413897,-2.2816093,-1.2701504,7139
5.011615,1.6011988,4.064124,5.3879247,3.1980212,-0.26589137,2.511655,8.580063,7147
5.011615,1.6011988,4.064124,5.3879247,3.1980212,-0.26589137,2.511655,8.580063,7155
1.6495621,-1.914797,3.6607096,2.6232448,-1.7176591,3.638757,0.1767849,4.977512,7159
4.200789,0.57444745,4.8548703,5.662309,5.714275,0.06820281,5.954113,7.562725,7161
3.3011963,0.8373408,2.6051817,4.3759604,0.17950082,-1.1654446,3.4381573,6.835867,7209
4.748705,1.660403,2.9737573,4.307331,1.2211362,-0.42125267,2.3718834,9.211646,7232
-1.5933055,1.4840319,1.8622465,3.7699175,-1.2267491,3.2155004,2.298535,1.4239637,7352
4.200789,0.57444745,4.8548703,5.662309,5.714275,0.06820281,5.954113,7.562725,7353
-0.3535679,0.66175586,-2.182308,-1.2710042,0.46036884,2.1659207,-1.6018852,-1.2408113,7359
4.200789,0.57444745,4.8548703,5.662309,5.714275,0.06820281,5.954113,7.562725,7397
4.630821,1.2356086,4.7464995,5.898123,4.699846,-0.32069498,3.7736094,7.9181128,7444
0.19625275,1.0246677,2.3714874,3.6181886,-1.4261658,3.9311683,2.1887388,3.022082,7548
4.394969,1.5331264,2.5416243,5.0820155,1.3209869,2.0226336,4.155385,8.763248,7594
3.6752102,1.8006082,2.2488964,3.461692,0.08602905,1.5351934,2.6822057,9.868158,7596
4.630821,1.2356086,4.7464995,5.898123,4.699846,-0.32069498,3.7736094,7.9181128,7634
2.3966482,1.4958549,4.9007964,3.773923,-1.9047459,0.5613171,2.004809,6.4533215,7644
1.1683937,2.0819097,2.5158596,3.9618366,-1.3987117,2.1462262,0.6308491,3.6290443,7703
3.289465,2.4776843,3.5733817,3.7475238,0.5274771,-1.4125873,2.7632697,8.664769,7773
3.1063633,4.2512608,1.6638706,4.149895,0.22862929,1.1168522,3.8627727,8.525707,7774
-1.4312166,2.1288645,2.629651,3.9835937,-2.7450922,0.30200577,-0.2654722,3.5837848,7809
0.14398067,1.6598933,-0.89335865,0.31628466,0.12819946,2.0198622,-0.83923244,3.8103144,7864
3.4167182,2.0620048,2.0687065,2.7815292,-0.7044562,1.4081721,1.7814528,10.342903,7875
4.200789,0.57444745,4.8548703,5.662309,5.714275,0.06820281,5.954113,7.562725,8101
-0.08581062,0.5740377,0.09668164,2.0149634,0.84035134,1.775606,0.7763226,1.5141485,8122
4.630821,1.2356086,4.7464995,5.898123,4.699846,-0.32069498,3.7736094,7.9181128,8185
0.7470826,-0.6758684,-3.0029607,0.4705579,0.3952676,3.4961479,-1.4227942,4.1434374,8201
1.7705829,1.9279399,1.1626401,5.5393906,0.8864085,1.4196413,5.0700874,5.765773,8214
2.0813184,-0.7904847,2.366951,0.22978213,0.39147234,5.368721,-0.91276073,1.7479181,8228
0.50179654,4.3688803,3.4619389,4.0957756,1.2870376,1.4348949,2.1535523,4.3085537,8241
-0.87260777,-0.19043568,3.9355862,4.6306224,0.66624784,1.7470027,1.7520593,1.7762605,8277
0.76321495,-0.5995714,1.842497,3.7520757,-0.99590826,2.828267,2.8536131,5.3346786,8344
4.630821,1.2356086,4.7464995,5.898123,4.699846,-0.32069498,3.7736094,7.9181128,8362
3.2409618,0.856762,3.1856718,2.29913,-2.4892063,1.8723453,0.8791362,7.955839,8381
1.6246697,2.44502,0.78976053,0.9835187,1.125666,0.63899845,2.499205,4.2040915,8413
-0.99970067,1.1169902,0.87676454,0.69650114,0.34179968,1.9122113,-0.07637814,3.9985688,8561
-0.37293342,1.690812,-0.58211344,-0.7646028,1.3090671,3.748937,0.5685476,0.9901285,8600
1.0678899,-2.9014297,4.2797027,3.4598227,-1.4778315,5.677051,-0.98682535,5.1615205,8616
1.2440939,1.7607206,2.0547688,2.475101,1.339238,0.64884174,0.7219881,4.615561,8652
0.28943837,1.4368346,3.844665,4.8324814,-0.96410114,-0.25773573,0.9793942,3.5494347,8678
-2.4526596,-0.34350196,-1.5587478,1.1151485,0.26648584,1.6538388,-2.1919374,0.9735189,8750
4.3477154,0.7458456,3.3588629,3.4521434,2.623197,-0.19824515,5.048066,9.206738,8767
0.29231066,2.390526,-0.38350883,2.8027413,1.0594963,-0.47817755,-1.4714389,3.394858,8790
4.630821,1.2356086,4.7464995,5.898123,4.699846,-0.32069498,3.7736094,7.9181128,8804
-0.8672472,0.5395878,-1.1324157,2.3753076,0.23318438,-0.141456,0.38595894,2.9533956,8810
4.3477154,0.74584574,3.3588629,3.4521437,2.6231968,-0.19824512,5.048066,9.206738,8813
4.6066585,1.1798207,3.1923265,3.7484207,1.7861409,-0.27031636,3.3469627,9.341508,8838
0.770617,1.402055,2.6393957,0.8952099,0.74575657,2.5482118,0.8762876,4.821932,8937
1.0419862,-0.8007278,2.0701551,3.2747102,-0.1861096,1.4393848,0.6527821,6.9909725,8951
4.2007885,0.57444793,4.8548703,5.6623096,5.714275,0.068203405,5.954113,7.562726,9023
4.6871448,0.9285738,2.9393983,3.2684355,1.3591748,-0.036027685,3.3136833,9.740031,9105
0.5437369,0.35051998,-1.1605144,1.9756761,0.94491976,3.195711,1.9764518,3.693049,9150
3.1505947,1.9199289,2.3037028,3.2639587,0.049629927,2.0882893,3.878462,9.528902,9203
0.42950168,3.2274299,3.3106647,3.9051373,-0.9620349,3.2511358,2.7078671,6.1323256,9216
0.8538362,-0.7242966,4.1947083,4.841589,-1.5175117,1.9084414,3.402753,4.9312305,9225
3.3563893,0.9073132,1.4559729,4.433061,-1.1624738,0.53578424,3.7601717,8.441204,9330
2.4327886,1.3401359,3.063857,4.5528097,0.26492393,-0.49870652,6.0564284,7.7918634,9368
4.630821,1.2356086,4.7464995,5.898123,4.699846,-0.32069498,3.7736094,7.9181128,9433
-1.081256,-0.55166537,-1.4313639,1.9125457,1.1549045,1.0036739,1.1023103,0.09307826,9442
0.16641137,1.521695,1.9489483,3.565558,-0.00040304568,1.897847,1.3400371,5.0349336,9475
4.630821,1.2356086,4.7464995,5.898123,4.699846,-0.32069498,3.7736094,7.9181128,9519
0.08587867,-0.95913684,0.35752574,1.8891481,0.038357258,2.6635253,0.7265501,2.7733521,9665
1.1920832,1.0339209,0.21490717,3.0515413,0.92502916,2.721953,1.8863037,1.383179,9690
-1.3306189,-0.32122496,-0.22476962,0.49855858,0.49846166,1.0598502,-0.02096501,1.8003411,9723
-0.21876962,2.956905,-1.3210745,0.6232006,0.3541741,1.1841736,0.08878291,1.6140707,9738
0.37379503,0.5808037,-1.3316112,-0.98179936,-0.8749234,2.5317643,-1.848817,-0.846647,9801
0.008461544,2.209015,-0.11475056,-0.3772936,0.37991825,3.882039,-1.9024423,0.79072005,9889
4.5566344,2.9301443,-2.083076,-0.8415414,-0.5455874,2.5320847,-0.27559784,0.56151026,9919
1.4244059,0.98465604,1.4198182,0.46303707,-1.2894096,2.8308685,0.008043855,2.8801508,10074
-0.56396174,1.9123335,-1.4598666,0.346305,0.047900185,2.7624123,-1.9398066,0.5917049,10079
0.6343823,0.024628613,1.6047553,2.447143,0.14977318,4.7192063,3.316258,5.5927835,10080
3.7449977,2.8432002,2.9252672,3.7634115,-0.71492445,-0.50954586,3.58924,9.680065,10084
-0.10023963,0.401786,-1.0854037,2.9210486,1.9281889,0.9810919,0.12900287,4.9155865,10140
0.38792235,0.840925,-2.074042,-0.47515988,0.098512106,1.6132758,-1.9096721,-1.5171022,10148
4.016105,3.0233526,4.0715146,4.9617367,1.3166429,-1.22995,0.8621069,7.779679,10160
1.148676,0.16777411,2.3322558,2.9369972,-1.5011247,2.2412512,3.309613,5.2826805,10179
0.86444896,-0.49234644,0.94501317,1.0137515,0.5400412,5.338946,1.6177508,3.7828906,10205
0.4489808,3.3230138,2.1416326,5.461506,2.0197206,0.45631415,3.2812967,6.127257,10238
2.3575456,0.6613126,1.7723572,0.41516772,0.46063757,1.3331589,0.85804534,3.5181894,10281
-1.1893874,-0.31495473,2.4287746,3.9369836,0.74709725,4.634341,2.948238,3.8617778,10322
-1.9792753,0.3518691,0.30904925,1.7213782,0.7337943,1.7757841,-1.6603082,0.34849817,10354
-1.1876982,0.07659994,0.04043353,2.5805087,0.83128905,0.2619785,0.3693418,1.0427474,10370
1.44549,1.6393235,-0.73316723,0.89349496,-1.4230347,0.7120404,-0.52027655,3.0635822,10487
-0.51286083,0.46115327,-0.34021428,1.9444798,0.3614201,2.7192676,1.173243,2.4963167,10490
-1.0397049,-0.9495255,-0.059432555,1.2831155,-0.96794546,3.883104,-0.9473306,5.000946,10503
0.040938444,2.7417169,-0.6303808,0.36783198,1.1486992,1.3665173,0.30737427,1.1110492,10536
0.8029585,1.2490396,-1.3745558,-0.9921895,0.836044,2.1552618,-0.89958763,-1.7520854,10576
1.2498261,2.1358542,-0.35918862,0.11678148,0.9605264,2.8420715,0.49640808,-0.07855798,10624
4.200789,0.57444745,4.8548703,5.662309,5.714275,0.06820281,5.954113,7.562725,10626
3.137806,3.6063359,1.895984,4.637291,1.4809107,1.2361982,5.6517496,7.8195477,10723
1.1082537,0.12836745,2.5119958,4.110717,1.6097171,1.1315709,3.0028281,7.5578327,10752
4.200789,0.57444745,4.8548703,5.662309,5.714275,0.06820281,5.954113,7.562725,10760
-0.9555005,-0.07733163,2.8959532,3.2065337,-1.0973768,2.7351797,-0.41391835,2.733363,10767
4.200789,0.57444745,4.8548703,5.662309,5.714275,0.06820281,5.954113,7.562725,10804
-2.5020175,-2.4375238,3.2091537,2.0499575,-0.59477603,0.140558,-0.28724116,1.052651,10863
-1.1728927,-0.41063496,1.5371922,0.94622505,1.7487904,2.814404,0.63671994,1.8428919,10895
4.3477154,0.74584574,3.3588629,3.4521437,2.6231968,-0.19824512,5.048066,9.206738,10922
2.3847992,0.4723157,-1.4409676,-0.5427362,-0.14809622,4.1414933,-0.869473,2.8771513,10928
3.616048,0.829971,2.1474657,3.2903347,0.31747973,0.49999756,1.895318,9.175456,10947
4.200789,0.57444745,4.8548703,5.662309,5.714275,0.06820281,5.954113,7.562725,10955
-2.3070478,-1.074099,-0.7824475,2.7090266,2.0205655,1.7525011,-0.036617786,0.58241844,11062
3.4938145,0.33797923,1.6598098,4.775166,-0.019046187,0.7596595,5.238282,8.049928,11064
1.6919631,0.012829576,-1.4698248,2.7238786,1.2993044,0.5545751,0.64839053,6.460841,11079
-0.0036429223,2.8583612,-1.6973948,2.3871589,0.73692375,-0.5862916,0.97754884,2.7641327,11085
4.630821,1.2356086,4.7464995,5.898123,4.699846,-0.32069498,3.7736094,7.9181128,11205
5.011615,1.6011988,4.064124,5.3879247,3.1980212,-0.26589137,2.511655,8.580063,11211
4.7970133,2.1557763,3.155652,4.382189,0.89596105,-0.5223152,1.1935111,9.289975,11278
4.630821,1.2356088,4.7464995,5.898123,4.699846,-0.32069522,3.7736094,7.918113,11326
-0.19819042,1.0613375,0.8057445,1.0779973,0.080519944,2.4405084,-0.41672876,1.2413272,11339
-1.8566928,1.0798719,2.873858,2.92419,0.8262388,0.59432966,1.0408959,6.949334,11401
-0.3721193,1.141473,-2.2305503,0.75108564,2.0369911,1.29094,1.0482143,2.5815046,11431
1.7854887,0.19600466,1.0676067,2.042966,-0.06415951,1.8994824,2.4553225,3.7872536,11450
4.630821,1.2356086,4.7464995,5.898123,4.699846,-0.32069498,3.7736094,7.9181128,11521
0.069593705,1.5648575,-1.3049396,1.1627566,-0.385402,2.0215316,-0.63982177,1.9734612,11529
4.200789,0.57444745,4.8548703,5.662309,5.714275,0.06820281,5.954113,7.562725,11604
4.3562427,0.5721734,2.4452028,5.11306,1.6762471,1.0023985,3.266822,7.9821215,11637
-0.42114806,0.2507485,-1.6025878,1.3532596,0.84915733,1.4840705,-2.409815,0.009351678,11716
4.630821,1.2356086,4.7464995,5.898123,4.699846,-0.32069498,3.7736094,7.9181128,11717
4.3562427,0.5721734,2.4452028,5.11306,1.6762471,1.0023985,3.266822,7.9821215,11729
-0.34287387,-0.56262916,-1.9861712,1.1265297,0.4862911,4.398654,-2.0619543,2.9910018,11787
-1.7660775,-0.5788681,2.4486752,2.2994292,-0.27838743,0.86713946,0.15515307,4.224409,11817
1.4604126,1.848812,0.77498204,4.704777,0.86436963,0.51280403,4.807581,7.515421,12033
4.200789,0.57444745,4.8548703,5.662309,5.714275,0.06820281,5.954113,7.562725,12059
-0.43442968,0.32196417,0.22059949,1.873044,-0.5572903,0.15073305,-2.1883492,-0.15759167,12195
1.6991333,2.2507029,-0.42267123,0.10155683,2.3564322,0.49706936,1.6487716,2.3574948,12218
-0.7179501,-0.2957666,-0.928218,-0.30369186,0.4694095,1.9259604,-1.1099762,1.0764354,12224
0.5993992,0.5288467,0.81668085,2.1981678,1.2299341,4.523648,1.3482533,0.21770442,12242
-0.023280254,3.0565906,-1.8176548,0.49491757,0.16211972,2.058163,-0.17263511,0.7737084,12328
4.6066585,1.1798207,3.1923265,3.7484207,1.7861409,-0.27031636,3.3469627,9.341508,12343
4.200789,0.57444745,4.8548703,5.662309,5.714275,0.06820281,5.954113,7.562725,12411
0.8190721,2.6856093,-1.9233632,-1.639494,-0.7278581,1.8440818,-2.3072832,-1.4769063,12459
2.1923454,3.6800952,2.593001,5.1034613,-0.60673994,1.6856176,2.4681082,4.7647834,12505
-0.34071788,1.5462792,-2.2351708,0.6377346,0.5736652,0.5819978,-0.8313956,0.8305371,12527
-1.8397933,1.7884977,1.4164932,3.747452,0.10356867,-0.14489122,0.40962717,2.580551,12571
0.5609233,-0.73848736,2.9323387,2.5649123,-0.2204538,5.276074,3.2163157,5.6373854,12627
1.5431634,-0.10277936,2.706098,2.0645828,-0.7586505,3.6615555,3.9291544,5.435498,12652
-0.4583398,1.3834028,1.494318,1.6107148,-0.29824722,1.5286456,-0.10064179,1.5416611,12739
-1.5433834,1.2920604,-0.9510047,2.7236571,1.2205063,1.2365007,-0.9236573,2.8756936,12785
4.200789,0.57444745,4.8548703,5.662309,5.714275,0.06820281,5.954113,7.562725,12883
1.4364835,2.251049,-0.26846194,1.7860944,0.9043098,3.7092385,2.5159774,2.9900706,12959
1.8494402,0.58641636,3.6148417,3.7274468,-2.0091624,0.14900056,2.7938013,7.915928,13114
4.6871448,0.9285738,2.9393983,3.2684355,1.3591748,-0.036027685,3.3136833,9.740031,13128
3.4594207,0.677912,2.433968,5.3786535,1.4899461,0.23754556,4.0529623,6.311728,13132
1.7603834,0.29857,0.12730114,4.475635,1.2003002,-1.0967866,2.6533823,6.5395865,13163
2.8349733,2.121471,0.14909571,2.5139194,2.6897995,3.1906152,3.468179,4.197123,13177
-0.9361221,1.3244624,-1.6490784,-0.892866,-0.6557598,2.237547,-1.2540377,0.17957518,13239
-1.1903633,-0.29016545,-0.2648485,0.45921603,1.0611222,2.6369755,-1.6612972,1.0108675,13291
4.630821,1.2356086,4.7464995,5.898123,4.699846,-0.32069498,3.7736094,7.9181128,13308
4.6871448,0.9285738,2.9393983,3.2684355,1.3591748,-0.036027685,3.3136833,9.740031,13353
0.5066937,1.1104026,-1.7216282,1.6004726,1.8207289,1.0626686,-0.7386062,-3.6402762,13366
1.1679878,2.4190686,-2.1176538,0.9958955,2.0908046,2.148648,1.0945784,-1.6272947,13398
-2.0891218,0.9010572,4.641039,3.8846457,-1.5348822,3.73838,-1.0741132,3.4940534,13484
-0.116672,2.313617,0.13793942,1.2411723,2.4696264,2.2171278,1.0130011,2.8625362,13495
-2.0805604,1.9529505,-0.16306204,0.9106042,0.013038398,1.3622922,-1.1531247,1.7113771,13508
4.630821,1.2356086,4.7464995,5.898123,4.699846,-0.32069498,3.7736094,7.9181128,13544
4.394969,1.5331264,2.5416243,5.0820155,1.3209869,2.0226336,4.155385,8.763248,13573
-1.0320069,1.095819,-0.007708239,3.7799168,-0.2778682,1.5144773,1.3506229,6.578241,13616
4.3562427,0.5721734,2.4452028,5.11306,1.6762471,1.0023985,3.266822,7.9821215,13627
2.8006384,1.4830744,2.7548218,4.0317183,0.38141316,0.72003305,3.1108096,6.6364813,13664
3.9806175,2.2500408,-2.193762,1.0223812,3.898809,2.1596634,1.8057346,0.58871746,13670
0.23999837,1.6181116,-0.98371375,1.6450262,0.48263156,2.0912776,-1.1342388,0.13761994,13723
3.4743314,-0.033087935,3.1687326,3.4553552,-0.24236035,2.0042577,2.5391507,8.96356,13739
5.011615,1.6011988,4.064124,5.3879247,3.1980212,-0.26589137,2.511655,8.580063,13742
0.59494156,0.37812346,0.1727359,2.2388275,-0.1761586,3.3881338,0.15920994,2.1613772,13798
-1.3249074,-0.42377877,1.4961419,1.1992126,-0.027971923,1.052198,1.0980886,1.3372571,13808
-0.9144945,-0.1035893,-0.11727577,2.621269,2.245724,2.965928,-0.015388578,0.8999626,13889
4.200789,0.57444745,4.8548703,5.662309,5.714275,0.06820281,5.954113,7.562725,13915
-1.9025801,0.1090253,2.027696,0.9770006,-0.9150254,0.91889304,-1.7974474,0.58731604,13930
-0.41065645,2.102065,-1.5236994,1.4882252,0.30369034,2.4689047,-2.0218098,-0.39986017,13956
-0.7305004,0.1856761,-1.8282236,0.87665325,-0.15724185,0.49357867,-1.2300872,1.8669796,13972
0.6038525,0.31693944,1.752407,1.3601366,-0.8209854,4.885633,-0.6314925,4.832053,13992
4.7970133,2.1557763,3.155652,4.382189,0.89596105,-0.5223152,1.1935111,9.289975,14038
-1.5176636,-1.2562867,0.036050025,1.300936,0.20343491,0.78277403,0.81207824,1.24566,14049
-0.5817772,-1.5010076,-0.86737627,0.3398022,1.5788335,1.114808,0.44407573,0.8650236,14097
-2.378143,0.40488487,-0.8230191,3.3072317,1.4730479,1.1189498,1.7484374,2.1208427,14099
-0.9764695,0.27734604,-1.0686214,1.5404888,-1.0244744,0.80122864,-0.92843115,-0.102358915,14273
4.630821,1.2356086,4.7464995,5.898123,4.699846,-0.32069498,3.7736094,7.9181128,14305
4.200789,0.57444745,4.8548703,5.662309,5.714275,0.06820281,5.954113,7.562725,14364
1.1898905,3.05209,1.6212571,1.312752,0.33545494,1.7285782,1.280617,3.3877313,14419
3.1523247,-0.5149254,2.3869288,4.6516695,-0.48281372,1.3295236,4.696845,7.45596,14450
0.36595264,0.6944297,-1.8516983,1.5677929,1.5755038,0.7273729,0.02529718,-0.63969743,14475
5.058805,1.4242806,3.2807157,4.961111,2.1863673,-0.041708276,3.412244,8.709597,14617
1.0817871,1.1683943,-0.010247285,0.805704,0.29807627,2.6659124,0.4472489,-2.135391,14626
0.17922305,0.25473097,-0.1498496,-0.18881893,0.6402478,1.9033359,-2.5450394,-0.7103443,14627
5.011615,1.6011988,4.064124,5.3879247,3.1980212,-0.26589137,2.511655,8.580063,14637
3.1524777,0.10862592,4.5668864,4.3661213,-0.18707442,0.67960274,3.9814303,7.6085634,14643
4.200789,0.57444745,4.8548703,5.662309,5.714275,0.06820281,5.954113,7.562725,14694
-1.4035469,2.2208598,-0.06424113,2.08754,-0.45848507,3.256078,-1.2170504,2.301144,14707
1.6179492,0.68896943,-2.7893584,-0.1337736,0.0881789,1.96864,-0.3708266,-0.21758422,14710
3.6064906,2.669447,2.8851857,3.3991652,-0.64141107,-0.52016616,3.8769867,9.835061,14746
1.094322,0.70880705,0.80627805,-0.20972592,-1.6213965,2.4039974,-0.9658303,2.2683275,14764
4.630821,1.2356086,4.7464995,5.898123,4.699846,-0.32069498,3.7736094,7.9181128,14779
-1.6343813,0.36307928,0.3174349,-0.24636507,-0.76370484,0.8222429,-1.3309402,0.2541103,14794
2.3692327,2.7575738,1.2231718,4.2813168,0.1617198,0.5534973,5.5002728,7.357596,14823
3.4233544,2.3809037,2.3424914,3.7829738,-0.18998349,1.17036,2.0816176,9.560409,14891
3.2809343,2.0952384,3.623549,3.9070196,1.1302923,-1.3267808,3.6727993,8.4516945,14957
0.48993874,-0.47149244,2.0100975,3.1037781,-1.9542748,5.0590696,1.2998037,4.889498,14971
5.058805,1.4242806,3.2807157,4.961111,2.1863673,-0.041708276,3.412244,8.709597,15029
4.748705,1.660403,2.9737573,4.307331,1.2211362,-0.42125267,2.3718834,9.211646,15032
0.54752547,0.521953,3.3544183,2.6010695,-0.19006515,3.5702055,1.9091753,4.7767677,15085
0.09410244,1.4009572,0.34993774,2.2655401,2.1448011,2.9031372,2.9820807,2.8338714,15113
1.1918932,0.29329804,1.5762718,2.4785197,-0.46684712,1.700058,0.70273006,8.929636,15188
3.6253572,-0.104803294,2.4724288,3.6878328,2.1339326,0.77589744,4.7625923,8.448033,15193
5.011615,1.6011988,4.064124,5.3879247,3.1980212,-0.26589137,2.511655,8.580063,15224
0.7874167,2.5177283,1.2187591,2.887652,-0.22630379,0.70756346,-0.5261513,2.5689723,15346
-0.47399902,2.035006,0.44252634,2.6953619,0.013228566,2.4857116,-0.41587064,2.0047107,15362
-0.17554303,-0.07241103,3.0662925,4.224299,-0.63888556,-0.38114482,2.4123547,4.2388687,15412
1.9942695,1.4066491,2.9382777,3.9839048,-1.6747069,0.5982612,1.2385986,3.3635328,15441
-0.12731989,2.3629947,-1.9901483,1.4558953,0.6135831,-0.04669436,-1.578556,0.080533676,15466
4.394969,1.5331264,2.5416243,5.0820155,1.3209869,2.0226336,4.155385,8.763248,15483
-1.4643497,1.4763108,-1.7730708,3.1809344,1.1579806,1.2285626,-1.1833918,-0.6625954,15503
4.630821,1.2356086,4.7464995,5.898123,4.699846,-0.32069498,3.7736094,7.9181128,15540
2.0178509,0.626096,3.9943442,5.252868,-0.83249646,0.073118314,4.523118,6.2597585,15563
4.6871448,0.9285738,2.9393983,3.2684355,1.3591748,-0.036027685,3.3136833,9.740031,15576
-1.5575285,0.22140017,1.7459251,1.380517,1.9412891,1.5394027,-0.38696072,-0.5043365,15610
3.0748553,0.6422665,2.405521,3.654893,-0.45257902,-0.760624,5.5299134,8.361327,15640
4.200789,0.57444745,4.8548703,5.662309,5.714275,0.06820281,5.954113,7.562725,15676
0.8460332,2.7599053,-1.1907152,-0.5763812,0.7298701,2.752794,-0.8451941,0.6193121,15695
4.630821,1.2356086,4.7464995,5.898123,4.699846,-0.32069498,3.7736094,7.9181128,15736
2.5471761,3.5263066,3.8654232,3.6299837,-0.0036700955,-0.5118275,4.1549883,9.781748,15825
0.95014876,0.5195124,1.9974709,4.375031,-0.35106272,1.3742425,1.4363023,4.9512863,15858
0.19341873,0.5128866,2.2046223,1.3278192,0.8007821,2.83826,1.0910826,3.8846912,15862
2.8460715,3.03013,2.4944286,4.917665,-0.082089365,-0.42401725,2.1219168,5.4019356,15865
3.169798,1.821977,2.7830033,3.936111,0.7093605,3.0710146,4.582953,7.5263186,16084
-0.41051802,1.3312955,1.3571563,1.3268586,1.2101039,3.012825,0.55335057,1.5623841,16114
2.156887,3.108739,2.1167946,3.8927717,0.34023076,1.2908438,4.3586016,8.165882,16116
-0.92142224,-1.3920968,-0.8732329,2.8819783,0.18954642,1.6116832,-1.9032263,2.1961575,16212
3.1996288,1.283163,2.7978168,4.290781,0.5843989,1.0965286,3.6432965,6.511213,16244
2.182369,1.8215398,-0.1456452,1.6332784,0.6734686,1.6633826,3.352524,4.58938,16254
2.790627,2.1957712,3.1039538,5.239058,0.20592809,-0.5237606,1.4712634,6.1993933,16286
-0.4944681,-0.7978466,-0.74826974,0.970667,-0.054874517,0.16931634,-0.959484,1.2852385,16314
-2.165823,2.7604442,3.5263648,3.9395235,-1.3630186,1.0538086,-0.29167584,3.4986124,16340
-0.22243334,0.6250173,2.0286758,3.14072,-0.9807944,0.6990773,0.52326834,3.5116432,16362
0.6748133,-0.39504477,2.0728636,3.2546902,0.46300817,4.0483956,2.867753,2.5649912,16371
-1.2499553,1.6881475,-2.1291046,0.42584562,0.02445127,-0.08002703,-0.84443843,0.28719524,16448
-1.4373597,2.2567086,1.4630338,3.3966844,0.24393064,1.9133575,-0.6938604,1.2588502,16453
-0.6562747,0.20879044,0.693876,0.5391027,1.7366678,3.59097,0.18894106,1.184495,16563
-0.25742066,3.1954637,1.7208831,4.209158,0.31186098,-0.25275087,1.706972,7.269201,16565
1.2742084,-0.51557034,2.648327,3.5929496,0.32531816,3.869492,1.8323733,6.2245517,16615
0.17506033,-0.23707381,0.094867595,0.9821675,1.2916672,2.824877,1.208614,1.6127266,16630
-0.491648,0.63811874,0.26328513,0.5764325,0.9101192,2.760735,-0.746148,0.45072624,16679
3.0606759,1.3714874,2.0266685,4.253357,-0.39548868,-0.049424082,1.8156455,7.3215647,16689
-0.0910028,0.97899777,0.85705775,2.7264683,0.44071555,1.3551797,0.25831184,1.1629385,16704
2.4236507,1.1195207,3.1616,4.780626,0.79808724,-0.48625022,6.4818387,7.5695214,16826
0.6799957,-0.24884042,1.6350799,1.5683186,0.6060157,2.1147728,1.2083306,1.5447304,16893
-0.61288667,1.5124289,-1.9624612,-1.247386,-0.21374771,1.4901679,-2.1572492,-1.3581582,17001
4.748705,1.660403,2.9737573,4.307331,1.2211362,-0.42125267,2.3718834,9.211646,17019
-0.5448256,2.0815492,1.9091632,2.2637203,1.1686475,2.6447997,1.0634477,1.4371681,17046
4.3477154,0.7458456,3.3588629,3.4521434,2.623197,-0.19824515,5.048066,9.206738,17055
1.6476175,3.4570508,-0.8184779,1.4522856,-0.75971675,2.0751698,-0.34617606,0.36848047,17076
4.2806354,0.45561865,3.0576782,4.279237,0.6433404,-0.96462744,4.596698,8.239657,17156
4.200789,0.57444745,4.8548703,5.662309,5.714275,0.06820281,5.954113,7.562725,17241
4.638953,1.9775827,3.036792,4.4144945,1.0995752,-0.5569913,1.9574062,9.168897,17357
0.1551834,0.5247969,0.08184577,0.9101522,-0.089322224,1.597465,-1.8649048,-0.21809375,17368
4.3562427,0.5721734,2.4452028,5.11306,1.6762471,1.0023985,3.266822,7.9821215,17371
3.488801,3.6758826,-1.2786461,0.073957875,2.0393784,3.2538667,2.2101579,3.3839786,17401
2.993572,0.40899268,4.3087173,2.4244103,-1.9801954,1.3511084,1.7450534,7.919859,17419
0.18030469,-0.5603676,1.9349363,1.5929394,0.8548039,2.4329042,0.57244503,3.3389776,17427
-0.13723668,2.454609,0.72268015,3.4503207,-0.0882633,2.5674407,-0.6406522,1.8193251,17494
4.6871448,0.9285738,2.9393983,3.2684355,1.3591748,-0.036027685,3.3136833,9.740031,17533
-0.30818257,0.53522074,-1.2931738,1.2761172,0.03622043,2.9076667,0.5543678,2.3389719,17535
5.058805,1.4242806,3.2807157,4.961111,2.1863673,-0.041708276,3.412244,8.709597,17536
1.5885187,3.4548378,4.0781674,5.404288,0.55073583,-2.1462555,1.7351569,6.256712,17653
0.32280296,0.4380281,-0.555042,0.096369736,-1.0874494,0.6666194,-1.6652225,0.31648988,17667
0.4546077,1.7680963,1.0449972,1.2780606,-0.40114638,0.76592785,0.42239612,2.8475904,17676
-1.8108164,-1.7079216,2.9235868,2.0790336,1.3807092,2.1942225,0.7057607,3.6688795,17707
2.3729515,4.3140144,3.763811,5.505432,0.30697402,-0.118246004,0.6451198,4.4586563,17728
-2.3174524,0.873053,-0.2491073,2.6950083,-0.98238665,2.7934008,-0.60198045,3.967202,17732
0.54280114,0.50853276,0.32086572,2.1993933,0.6912795,2.4427125,1.4669893,1.4022838,17773
1.1724937,0.14925912,5.279026,3.1232705,-2.6933818,0.5727837,0.15623221,6.5796676,17840
4.0360847,2.5478568,4.27668,5.5155883,2.5000672,-1.0481291,2.738836,7.108374,17842
4.3477154,0.74584574,3.3588629,3.4521437,2.6231968,-0.19824512,5.048066,9.206738,17870
-0.473423,0.92104,0.06033993,0.797021,-0.3138247,0.9678996,-1.4891721,-0.6544677,17912
1.5041679,-0.39124188,4.311421,3.251211,0.08535862,3.9192438,2.4785392,5.680133,17919
0.67960227,-0.6488172,-0.522929,0.82264733,-0.22338772,2.3256478,-0.8591802,0.94551605,17922
1.9758223,2.048954,3.0135422,1.9366823,-0.35228622,2.9166007,3.0640612,5.0808177,17933
2.714635,3.2674282,3.949254,4.025365,0.57000184,-0.47817498,4.572944,9.512859,17943
4.200789,0.57444817,4.8548703,5.6623096,5.714275,0.06820293,5.954113,7.562726,17950
-2.2603948,0.7845376,-0.19185169,1.986187,0.7002082,-0.20238052,-0.058122605,1.8924655,17954
0.14242019,1.7902217,-1.7930269,0.22061047,-1.1131958,4.7886076,-1.5922793,1.4379022,17955
-2.4279704,1.0067452,-0.15697685,3.9780505,2.942646,0.3387242,-0.22188546,2.0727835,18018
0.33015537,0.28610402,1.4778503,2.0573595,1.0299357,1.6187054,1.2211071,-0.624285,18039
0.8884449,-0.09279898,-0.46497092,0.16820922,0.39391613,0.7775467,0.4607509,0.78825796,18137
1.1387802,1.9860904,4.086925,3.2512252,-2.1017578,0.15000324,2.753521,7.8820605,18348
2.2690215,1.3181899,1.9911252,3.59245,1.5143406,3.1840627,3.6682205,4.649192,18354
0.592521,2.0188804,-2.312553,0.59502983,2.515049,1.8189663,-0.50366294,1.2435338,18365
4.630821,1.2356086,4.7464995,5.898123,4.699846,-0.32069498,3.7736094,7.9181128,18406
-0.71327984,1.0070012,-1.0397754,2.309145,0.80815446,1.3570207,-1.250512,1.1313708,18495
-0.7269554,0.06604636,-0.15545769,0.8254825,-0.76544,2.119254,-1.4313438,0.0056015253,18497
-0.9652277,3.9815874,2.1244993,4.9144635,0.685701,-2.0521736,2.281859,6.343151,18517
0.5669212,0.5323442,0.32552996,2.3121262,0.8532088,3.8629029,2.1395895,2.2651567,18537
0.027565079,1.592583,-0.23619893,1.7855837,0.7995787,1.5263137,-2.019187,-0.7654575,18589
4.6389527,1.9775832,3.0367918,4.4144945,1.0995753,-0.5569913,1.9574059,9.168897,18590
1.0610825,1.2827436,2.6880095,4.328205,-1.0368959,2.4706922,0.35248703,3.0563462,18593
4.630821,1.2356086,4.7464995,5.898123,4.699846,-0.32069498,3.7736094,7.9181128,18779
-0.5076832,1.5970795,-1.4058952,-0.1838701,-0.8783073,3.7176623,-0.77087224,2.4333313,18851
-0.09963422,0.8188639,-0.20947364,0.9193623,1.7357289,2.17598,0.30693832,0.58232015,18892
4.6871448,0.9285738,2.9393983,3.2684355,1.3591748,-0.036027685,3.3136833,9.740031,18938
2.0841928,1.3184061,4.652445,4.101236,-1.3823901,-0.38346934,2.0593328,5.0019393,18995
1.5973617,1.1988211,-0.658814,-0.5127839,-0.18511511,2.255072,-2.0925493,-0.675818,19030
-0.19475709,1.6281044,-2.231094,0.91257954,1.2856156,2.1475666,0.9098865,-0.88269484,19042
-1.2102157,1.0701027,-1.1225789,3.3538346,1.4279921,0.3205958,1.2563009,3.575811,19056
3.8684373,0.14011827,2.1630795,3.4155445,1.087961,0.81799847,3.015051,9.0887375,19073
-0.12017792,1.8526855,-1.6534934,-1.3565629,-0.27813226,2.054181,-1.4046692,-1.3592781,19084
-1.1943493,1.200963,-1.1064637,2.96042,2.0621295,1.3234316,0.07841894,4.8906803,19174
3.069244,3.8574927,1.6127892,4.0864086,0.51935965,1.2021466,4.6414046,8.398458,19189
-1.9201297,3.3471158,2.3648028,2.8692927,1.7075768,-0.633333,0.7978463,5.120117,19340
2.7877634,2.7521384,4.006474,3.0872278,1.1527935,1.4590701,5.6010046,7.4114823,19376
1.680972,0.68186325,-0.60680985,-0.68754274,0.4243882,2.551812,-0.8619678,-0.7744365,19425
0.6848335,2.7458248,4.53769,5.421724,0.69068277,-0.9692858,3.8471076,5.6930895,19432
4.6871448,0.9285738,2.9393983,3.2684355,1.3591748,-0.036027685,3.3136833,9.740031,19494
5.011615,1.6011988,4.064124,5.3879247,3.1980212,-0.26589137,2.511655,8.580063,19607
-0.9188381,0.5621114,0.06958664,1.1299765,0.67474824,3.0098162,0.22132945,-0.8666171,19627
-1.4870609,1.0388298,-0.84552276,0.7847203,-0.45980516,3.1962295,-1.8145233,2.462186,19640
3.7948394,0.33001927,2.3298087,3.784576,1.3900207,0.68844074,3.1558611,8.756835,19657
0.6948187,2.0589023,4.9543347,5.3099566,-1.1315612,-1.4132324,0.52697194,5.842152,19659
4.200789,0.57444745,4.8548703,5.662309,5.714275,0.06820281,5.954113,7.562725,19669
1.7165525,0.9567045,-1.2600043,2.0646667,2.0488892,2.1885927,3.6070883,4.4506974,19730
4.200789,0.57444745,4.8548703,5.662309,5.714275,0.06820281,5.954113,7.562725,19737
0.98745775,3.8530717,0.7448785,2.4413273,-0.18531272,-0.035224423,1.1704822,4.6341553,19760
1.1887623,2.0605724,-2.1578178,-0.52938503,-0.67557245,3.6792998,-1.842024,-0.9410751,19869
4.394969,1.5331266,2.541624,5.0820155,1.3209871,2.0226336,4.155385,8.763249,19902
4.200789,0.57444745,4.8548703,5.662309,5.714275,0.06820281,5.954113,7.562725,19958
